gamma,theta,iters,optimal_path_length,valid_path,seed,sigma,rewards
0.9293425709810853,1e-3,64,4,False,0,0.04736842105263158,"[[None], [None], [None], [None], [None], [None], [None], [None], [None], [None], [None], [None], [None], [None], [None], [None], [None], [None], [None], [None], [None], [None], [None], [None], [None], [None], [None], [None], [None], [None], [None], [None], [None], [None], [None], [None], [None], [None], [None], [None], [None], [None], [None], [None], [None], [None], [None], [None], [None], [None], [None], [None], [None], [None], [None], [None], [None], [None], [None], [None], [None], [None], [None], [None], [None], [None], [None], [None], [None], [None], [None], [None], [None], [None], [None], [None], [None], [None], [None], [None], [None], [None], [None], [None], [None], [None], [None], [None], [None], [None], [None], [None], [None], [None], [None], [None], [None], [None], [None], [None]]"
0.9293425709810853,1e-3,64,3,False,0,0.0,"[[None], [None], [None], [None], [None], [None], [None], [None], [None], [None], [None], [None], [None], [None], [None], [None], [None], [None], [None], [None], [None], [None], [None], [None], [None], [None], [None], [None], [None], [None], [None], [None], [None], [None], [None], [None], [None], [None], [None], [None], [None], [None], [None], [None], [None], [None], [None], [None], [None], [None], [None], [None], [None], [None], [None], [None], [None], [None], [None], [None], [None], [None], [None], [None], [None], [None], [None], [None], [None], [None], [None], [None], [None], [None], [None], [None], [None], [None], [None], [None], [None], [None], [None], [None], [None], [None], [None], [None], [None], [None], [None], [None], [None], [None], [None], [None], [None], [None], [None], [None]]"
0.9293425709810853,1e-3,64,10,False,0,0.09473684210526316,"[[None], [None], [None], [None], [None], [None], [None], [None], [None], [None], [None], [None], [None], [None], [None], [None], [None], [None], [None], [None], [None], [None], [None], [None], [None], [None], [None], [None], [None], [None], [None], [None], [None], [None], [None], [None], [None], [None], [None], [None], [None], [None], [None], [None], [None], [None], [None], [None], [None], [None], [None], [None], [None], [None], [None], [None], [None], [None], [None], [None], [None], [None], [None], [None], [None], [None], [None], [None], [None], [None], [None], [None], [None], [None], [None], [None], [None], [None], [None], [None], [None], [None], [None], [None], [None], [None], [None], [None], [None], [None], [None], [None], [None], [None], [None], [None], [None], [None], [None], [None]]"
0.9293425709810853,1e-3,64,16,False,0,0.14210526315789473,"[[None], [None], [None], [None], [None], [None], [None], [None], [None], [None], [None], [None], [None], [None], [None], [None], [None], [None], [None], [None], [None], [None], [None], [None], [None], [None], [None], [None], [None], [None], [None], [None], [None], [None], [None], [None], [None], [None], [None], [None], [None], [None], [None], [None], [None], [None], [None], [None], [None], [None], [None], [None], [None], [None], [None], [None], [None], [None], [None], [None], [None], [None], [None], [None], [None], [None], [None], [None], [None], [None], [None], [None], [None], [None], [None], [None], [None], [None], [None], [None], [None], [None], [None], [None], [None], [None], [None], [None], [None], [None], [None], [None], [None], [None], [None], [None], [None], [None], [None], [None]]"
0.9293425709810853,1e-3,63,24,False,0,0.18947368421052632,"[[None], [None], [None], [None], [None], [None], [None], [None], [None], [None], [None], [None], [None], [None], [None], [None], [None], [None], [None], [None], [None], [None], [None], [None], [None], [None], [None], [None], [None], [None], [None], [None], [None], [None], [None], [None], [None], [None], [None], [None], [None], [None], [None], [None], [None], [None], [None], [None], [None], [None], [None], [None], [None], [None], [None], [None], [None], [None], [None], [None], [None], [None], [None], [None], [None], [None], [None], [None], [None], [None], [None], [None], [None], [None], [None], [None], [None], [None], [None], [None], [None], [None], [None], [None], [None], [None], [None], [None], [None], [None], [None], [None], [None], [None], [None], [None], [None], [None], [None], [None]]"
0.9293425709810853,1e-3,63,29,False,0,0.2368421052631579,"[[None], [None], [None], [None], [None], [None], [None], [None], [None], [None], [None], [None], [None], [None], [None], [None], [None], [None], [None], [None], [None], [None], [None], [None], [None], [None], [None], [None], [None], [None], [None], [None], [None], [None], [None], [None], [None], [None], [None], [None], [None], [None], [None], [None], [None], [None], [None], [None], [None], [None], [None], [None], [None], [None], [None], [None], [None], [None], [None], [None], [None], [None], [None], [None], [None], [None], [None], [None], [None], [None], [None], [None], [None], [None], [None], [None], [None], [None], [None], [None], [None], [None], [None], [None], [None], [None], [None], [None], [None], [None], [None], [None], [None], [None], [None], [None], [None], [None], [None], [None]]"
0.9293425709810853,1e-3,53,53,False,0,0.4736842105263158,"[[None], [None], [None], [None], [None], [None], [None], [None], [None], [None], [None], [None], [None], [None], [None], [None], [None], [None], [None], [None], [None], [None], [None], [None], [None], [None], [None], [None], [None], [None], [None], [None], [None], [None], [None], [None], [None], [None], [None], [None], [None], [None], [None], [None], [None], [None], [None], [None], [None], [None], [None], [None], [None], [None], [None], [None], [None], [None], [None], [None], [None], [None], [None], [None], [None], [None], [None], [None], [None], [None], [None], [None], [None], [None], [None], [None], [None], [None], [None], [None], [None], [None], [None], [None], [None], [None], [None], [None], [None], [None], [None], [None], [None], [None], [None], [None], [None], [None], [None], [None]]"
0.9293425709810853,1e-3,62,35,False,0,0.28421052631578947,"[[None], [None], [None], [None], [None], [None], [None], [None], [None], [None], [None], [None], [None], [None], [None], [None], [None], [None], [None], [None], [None], [None], [None], [None], [None], [None], [None], [None], [None], [None], [None], [None], [None], [None], [None], [None], [None], [None], [None], [None], [None], [None], [None], [None], [None], [None], [None], [None], [None], [None], [None], [None], [None], [None], [None], [None], [None], [None], [None], [None], [None], [None], [None], [None], [None], [None], [None], [None], [None], [None], [None], [None], [None], [None], [None], [None], [None], [None], [None], [None], [None], [None], [None], [None], [None], [None], [None], [None], [None], [None], [None], [None], [None], [None], [None], [None], [None], [None], [None], [None]]"
0.9293425709810853,1e-3,53,53,False,0,0.5684210526315789,"[[None], [None], [None], [None], [None], [None], [None], [None], [None], [None], [None], [None], [None], [None], [None], [None], [None], [None], [None], [None], [None], [None], [None], [None], [None], [None], [None], [None], [None], [None], [None], [None], [None], [None], [None], [None], [None], [None], [None], [None], [None], [None], [None], [None], [None], [None], [None], [None], [None], [None], [None], [None], [None], [None], [None], [None], [None], [None], [None], [None], [None], [None], [None], [None], [None], [None], [None], [None], [None], [None], [None], [None], [None], [None], [None], [None], [None], [None], [None], [None], [None], [None], [None], [None], [None], [None], [None], [None], [None], [None], [None], [None], [None], [None], [None], [None], [None], [None], [None], [None]]"
0.9293425709810853,1e-3,60,41,False,0,0.3315789473684211,"[[None], [None], [None], [None], [None], [None], [None], [None], [None], [None], [None], [None], [None], [None], [None], [None], [None], [None], [None], [None], [None], [None], [None], [None], [None], [None], [None], [None], [None], [None], [None], [None], [None], [None], [None], [None], [None], [None], [None], [None], [None], [None], [None], [None], [None], [None], [None], [None], [None], [None], [None], [None], [None], [None], [None], [None], [None], [None], [None], [None], [None], [None], [None], [None], [None], [None], [None], [None], [None], [None], [None], [None], [None], [None], [None], [None], [None], [None], [None], [None], [None], [None], [None], [None], [None], [None], [None], [None], [None], [None], [None], [None], [None], [None], [None], [None], [None], [None], [None], [None]]"
0.9293425709810853,1e-3,51,53,False,0,0.6631578947368422,"[[None], [None], [None], [None], [None], [None], [None], [None], [None], [None], [None], [None], [None], [None], [None], [None], [None], [None], [None], [None], [None], [None], [None], [None], [None], [None], [None], [None], [None], [None], [None], [None], [None], [None], [None], [None], [None], [None], [None], [None], [None], [None], [None], [None], [None], [None], [None], [None], [None], [None], [None], [None], [None], [None], [None], [None], [None], [None], [None], [None], [None], [None], [None], [None], [None], [None], [None], [None], [None], [None], [None], [None], [None], [None], [None], [None], [None], [None], [None], [None], [None], [None], [None], [None], [None], [None], [None], [None], [None], [None], [None], [None], [None], [None], [None], [None], [None], [None], [None], [None]]"
0.9293425709810853,1e-3,57,46,False,0,0.37894736842105264,"[[None], [None], [None], [None], [None], [None], [None], [None], [None], [None], [None], [None], [None], [None], [None], [None], [None], [None], [None], [None], [None], [None], [None], [None], [None], [None], [None], [None], [None], [None], [None], [None], [None], [None], [None], [None], [None], [None], [None], [None], [None], [None], [None], [None], [None], [None], [None], [None], [None], [None], [None], [None], [None], [None], [None], [None], [None], [None], [None], [None], [None], [None], [None], [None], [None], [None], [None], [None], [None], [None], [None], [None], [None], [None], [None], [None], [None], [None], [None], [None], [None], [None], [None], [None], [None], [None], [None], [None], [None], [None], [None], [None], [None], [None], [None], [None], [None], [None], [None], [None]]"
0.9293425709810853,1e-3,52,53,False,0,0.6157894736842106,"[[None], [None], [None], [None], [None], [None], [None], [None], [None], [None], [None], [None], [None], [None], [None], [None], [None], [None], [None], [None], [None], [None], [None], [None], [None], [None], [None], [None], [None], [None], [None], [None], [None], [None], [None], [None], [None], [None], [None], [None], [None], [None], [None], [None], [None], [None], [None], [None], [None], [None], [None], [None], [None], [None], [None], [None], [None], [None], [None], [None], [None], [None], [None], [None], [None], [None], [None], [None], [None], [None], [None], [None], [None], [None], [None], [None], [None], [None], [None], [None], [None], [None], [None], [None], [None], [None], [None], [None], [None], [None], [None], [None], [None], [None], [None], [None], [None], [None], [None], [None]]"
0.9293425709810853,1e-3,54,52,False,0,0.4263157894736842,"[[None], [None], [None], [None], [None], [None], [None], [None], [None], [None], [None], [None], [None], [None], [None], [None], [None], [None], [None], [None], [None], [None], [None], [None], [None], [None], [None], [None], [None], [None], [None], [None], [None], [None], [None], [None], [None], [None], [None], [None], [None], [None], [None], [None], [None], [None], [None], [None], [None], [None], [None], [None], [None], [None], [None], [None], [None], [None], [None], [None], [None], [None], [None], [None], [None], [None], [None], [None], [None], [None], [None], [None], [None], [None], [None], [None], [None], [None], [None], [None], [None], [None], [None], [None], [None], [None], [None], [None], [None], [None], [None], [None], [None], [None], [None], [None], [None], [None], [None], [None]]"
0.9293425709810853,1e-3,53,53,False,0,0.5210526315789474,"[[None], [None], [None], [None], [None], [None], [None], [None], [None], [None], [None], [None], [None], [None], [None], [None], [None], [None], [None], [None], [None], [None], [None], [None], [None], [None], [None], [None], [None], [None], [None], [None], [None], [None], [None], [None], [None], [None], [None], [None], [None], [None], [None], [None], [None], [None], [None], [None], [None], [None], [None], [None], [None], [None], [None], [None], [None], [None], [None], [None], [None], [None], [None], [None], [None], [None], [None], [None], [None], [None], [None], [None], [None], [None], [None], [None], [None], [None], [None], [None], [None], [None], [None], [None], [None], [None], [None], [None], [None], [None], [None], [None], [None], [None], [None], [None], [None], [None], [None], [None]]"
0.9293425709810853,1e-3,48,53,False,0,0.7578947368421053,"[[None], [None], [None], [None], [None], [None], [None], [None], [None], [None], [None], [None], [None], [None], [None], [None], [None], [None], [None], [None], [None], [None], [None], [None], [None], [None], [None], [None], [None], [None], [None], [None], [None], [None], [None], [None], [None], [None], [None], [None], [None], [None], [None], [None], [None], [None], [None], [None], [None], [None], [None], [None], [None], [None], [None], [None], [None], [None], [None], [None], [None], [None], [None], [None], [None], [None], [None], [None], [None], [None], [None], [None], [None], [None], [None], [None], [None], [None], [None], [None], [None], [None], [None], [None], [None], [None], [None], [None], [None], [None], [None], [None], [None], [None], [None], [None], [None], [None], [None], [None]]"
0.9293425709810853,1e-3,45,53,False,0,0.8052631578947369,"[[None], [None], [None], [None], [None], [None], [None], [None], [None], [None], [None], [None], [None], [None], [None], [None], [None], [None], [None], [None], [None], [None], [None], [None], [None], [None], [None], [None], [None], [None], [None], [None], [None], [None], [None], [None], [None], [None], [None], [None], [None], [None], [None], [None], [None], [None], [None], [None], [None], [None], [None], [None], [None], [None], [None], [None], [None], [None], [None], [None], [None], [None], [None], [None], [None], [None], [None], [None], [None], [None], [None], [None], [None], [None], [None], [None], [None], [None], [None], [None], [None], [None], [None], [None], [None], [None], [None], [None], [None], [None], [None], [None], [None], [None], [None], [None], [None], [None], [None], [None]]"
0.9293425709810853,1e-3,50,53,False,0,0.7105263157894737,"[[None], [None], [None], [None], [None], [None], [None], [None], [None], [None], [None], [None], [None], [None], [None], [None], [None], [None], [None], [None], [None], [None], [None], [None], [None], [None], [None], [None], [None], [None], [None], [None], [None], [None], [None], [None], [None], [None], [None], [None], [None], [None], [None], [None], [None], [None], [None], [None], [None], [None], [None], [None], [None], [None], [None], [None], [None], [None], [None], [None], [None], [None], [None], [None], [None], [None], [None], [None], [None], [None], [None], [None], [None], [None], [None], [None], [None], [None], [None], [None], [None], [None], [None], [None], [None], [None], [None], [None], [None], [None], [None], [None], [None], [None], [None], [None], [None], [None], [None], [None]]"
0.9293425709810853,1e-3,41,53,False,0,0.8526315789473684,"[[None], [None], [None], [None], [None], [None], [None], [None], [None], [None], [None], [None], [None], [None], [None], [None], [None], [None], [None], [None], [None], [None], [None], [None], [None], [None], [None], [None], [None], [None], [None], [None], [None], [None], [None], [None], [None], [None], [None], [None], [None], [None], [None], [None], [None], [None], [None], [None], [None], [None], [None], [None], [None], [None], [None], [None], [None], [None], [None], [None], [None], [None], [None], [None], [None], [None], [None], [None], [None], [None], [None], [None], [None], [None], [None], [None], [None], [None], [None], [None], [None], [None], [None], [None], [None], [None], [None], [None], [None], [None], [None], [None], [None], [None], [None], [None], [None], [None], [None], [None]]"
0.9293425709810853,1e-3,64,3,False,1,0.0,"[[None], [None], [None], [None], [None], [None], [None], [None], [None], [None], [None], [None], [None], [None], [None], [None], [None], [None], [None], [None], [None], [None], [None], [None], [None], [None], [None], [None], [None], [None], [None], [None], [None], [None], [None], [None], [None], [None], [None], [None], [None], [None], [None], [None], [None], [None], [None], [None], [None], [None], [None], [None], [None], [None], [None], [None], [None], [None], [None], [None], [None], [None], [None], [None], [None], [None], [None], [None], [None], [None], [None], [None], [None], [None], [None], [None], [None], [None], [None], [None], [None], [None], [None], [None], [None], [None], [None], [None], [None], [None], [None], [None], [None], [None], [None], [None], [None], [None], [None], [None]]"
0.9293425709810853,1e-3,64,10,False,1,0.09473684210526316,"[[None], [None], [None], [None], [None], [None], [None], [None], [None], [None], [None], [None], [None], [None], [None], [None], [None], [None], [None], [None], [None], [None], [None], [None], [None], [None], [None], [None], [None], [None], [None], [None], [None], [None], [None], [None], [None], [None], [None], [None], [None], [None], [None], [None], [None], [None], [None], [None], [None], [None], [None], [None], [None], [None], [None], [None], [None], [None], [None], [None], [None], [None], [None], [None], [None], [None], [None], [None], [None], [None], [None], [None], [None], [None], [None], [None], [None], [None], [None], [None], [None], [None], [None], [None], [None], [None], [None], [None], [None], [None], [None], [None], [None], [None], [None], [None], [None], [None], [None], [None]]"
0.9293425709810853,1e-3,39,53,False,0,0.9,"[[None], [None], [None], [None], [None], [None], [None], [None], [None], [None], [None], [None], [None], [None], [None], [None], [None], [None], [None], [None], [None], [None], [None], [None], [None], [None], [None], [None], [None], [None], [None], [None], [None], [None], [None], [None], [None], [None], [None], [None], [None], [None], [None], [None], [None], [None], [None], [None], [None], [None], [None], [None], [None], [None], [None], [None], [None], [None], [None], [None], [None], [None], [None], [None], [None], [None], [None], [None], [None], [None], [None], [None], [None], [None], [None], [None], [None], [None], [None], [None], [None], [None], [None], [None], [None], [None], [None], [None], [None], [None], [None], [None], [None], [None], [None], [None], [None], [None], [None], [None]]"
0.9293425709810853,1e-3,64,4,False,1,0.04736842105263158,"[[None], [None], [None], [None], [None], [None], [None], [None], [None], [None], [None], [None], [None], [None], [None], [None], [None], [None], [None], [None], [None], [None], [None], [None], [None], [None], [None], [None], [None], [None], [None], [None], [None], [None], [None], [None], [None], [None], [None], [None], [None], [None], [None], [None], [None], [None], [None], [None], [None], [None], [None], [None], [None], [None], [None], [None], [None], [None], [None], [None], [None], [None], [None], [None], [None], [None], [None], [None], [None], [None], [None], [None], [None], [None], [None], [None], [None], [None], [None], [None], [None], [None], [None], [None], [None], [None], [None], [None], [None], [None], [None], [None], [None], [None], [None], [None], [None], [None], [None], [None]]"
0.9293425709810853,1e-3,64,16,False,1,0.14210526315789473,"[[None], [None], [None], [None], [None], [None], [None], [None], [None], [None], [None], [None], [None], [None], [None], [None], [None], [None], [None], [None], [None], [None], [None], [None], [None], [None], [None], [None], [None], [None], [None], [None], [None], [None], [None], [None], [None], [None], [None], [None], [None], [None], [None], [None], [None], [None], [None], [None], [None], [None], [None], [None], [None], [None], [None], [None], [None], [None], [None], [None], [None], [None], [None], [None], [None], [None], [None], [None], [None], [None], [None], [None], [None], [None], [None], [None], [None], [None], [None], [None], [None], [None], [None], [None], [None], [None], [None], [None], [None], [None], [None], [None], [None], [None], [None], [None], [None], [None], [None], [None]]"
0.9293425709810853,1e-3,57,46,False,1,0.37894736842105264,"[[None], [None], [None], [None], [None], [None], [None], [None], [None], [None], [None], [None], [None], [None], [None], [None], [None], [None], [None], [None], [None], [None], [None], [None], [None], [None], [None], [None], [None], [None], [None], [None], [None], [None], [None], [None], [None], [None], [None], [None], [None], [None], [None], [None], [None], [None], [None], [None], [None], [None], [None], [None], [None], [None], [None], [None], [None], [None], [None], [None], [None], [None], [None], [None], [None], [None], [None], [None], [None], [None], [None], [None], [None], [None], [None], [None], [None], [None], [None], [None], [None], [None], [None], [None], [None], [None], [None], [None], [None], [None], [None], [None], [None], [None], [None], [None], [None], [None], [None], [None]]"
0.9293425709810853,1e-3,63,29,False,1,0.2368421052631579,"[[None], [None], [None], [None], [None], [None], [None], [None], [None], [None], [None], [None], [None], [None], [None], [None], [None], [None], [None], [None], [None], [None], [None], [None], [None], [None], [None], [None], [None], [None], [None], [None], [None], [None], [None], [None], [None], [None], [None], [None], [None], [None], [None], [None], [None], [None], [None], [None], [None], [None], [None], [None], [None], [None], [None], [None], [None], [None], [None], [None], [None], [None], [None], [None], [None], [None], [None], [None], [None], [None], [None], [None], [None], [None], [None], [None], [None], [None], [None], [None], [None], [None], [None], [None], [None], [None], [None], [None], [None], [None], [None], [None], [None], [None], [None], [None], [None], [None], [None], [None]]"
0.9293425709810853,1e-3,63,24,False,1,0.18947368421052632,"[[None], [None], [None], [None], [None], [None], [None], [None], [None], [None], [None], [None], [None], [None], [None], [None], [None], [None], [None], [None], [None], [None], [None], [None], [None], [None], [None], [None], [None], [None], [None], [None], [None], [None], [None], [None], [None], [None], [None], [None], [None], [None], [None], [None], [None], [None], [None], [None], [None], [None], [None], [None], [None], [None], [None], [None], [None], [None], [None], [None], [None], [None], [None], [None], [None], [None], [None], [None], [None], [None], [None], [None], [None], [None], [None], [None], [None], [None], [None], [None], [None], [None], [None], [None], [None], [None], [None], [None], [None], [None], [None], [None], [None], [None], [None], [None], [None], [None], [None], [None]]"
0.9293425709810853,1e-3,60,41,False,1,0.3315789473684211,"[[None], [None], [None], [None], [None], [None], [None], [None], [None], [None], [None], [None], [None], [None], [None], [None], [None], [None], [None], [None], [None], [None], [None], [None], [None], [None], [None], [None], [None], [None], [None], [None], [None], [None], [None], [None], [None], [None], [None], [None], [None], [None], [None], [None], [None], [None], [None], [None], [None], [None], [None], [None], [None], [None], [None], [None], [None], [None], [None], [None], [None], [None], [None], [None], [None], [None], [None], [None], [None], [None], [None], [None], [None], [None], [None], [None], [None], [None], [None], [None], [None], [None], [None], [None], [None], [None], [None], [None], [None], [None], [None], [None], [None], [None], [None], [None], [None], [None], [None], [None]]"
0.9293425709810853,1e-3,62,35,False,1,0.28421052631578947,"[[None], [None], [None], [None], [None], [None], [None], [None], [None], [None], [None], [None], [None], [None], [None], [None], [None], [None], [None], [None], [None], [None], [None], [None], [None], [None], [None], [None], [None], [None], [None], [None], [None], [None], [None], [None], [None], [None], [None], [None], [None], [None], [None], [None], [None], [None], [None], [None], [None], [None], [None], [None], [None], [None], [None], [None], [None], [None], [None], [None], [None], [None], [None], [None], [None], [None], [None], [None], [None], [None], [None], [None], [None], [None], [None], [None], [None], [None], [None], [None], [None], [None], [None], [None], [None], [None], [None], [None], [None], [None], [None], [None], [None], [None], [None], [None], [None], [None], [None], [None]]"
0.9293425709810853,1e-3,54,52,False,1,0.4263157894736842,"[[None], [None], [None], [None], [None], [None], [None], [None], [None], [None], [None], [None], [None], [None], [None], [None], [None], [None], [None], [None], [None], [None], [None], [None], [None], [None], [None], [None], [None], [None], [None], [None], [None], [None], [None], [None], [None], [None], [None], [None], [None], [None], [None], [None], [None], [None], [None], [None], [None], [None], [None], [None], [None], [None], [None], [None], [None], [None], [None], [None], [None], [None], [None], [None], [None], [None], [None], [None], [None], [None], [None], [None], [None], [None], [None], [None], [None], [None], [None], [None], [None], [None], [None], [None], [None], [None], [None], [None], [None], [None], [None], [None], [None], [None], [None], [None], [None], [None], [None], [None]]"
0.9293425709810853,1e-3,53,53,False,1,0.4736842105263158,"[[None], [None], [None], [None], [None], [None], [None], [None], [None], [None], [None], [None], [None], [None], [None], [None], [None], [None], [None], [None], [None], [None], [None], [None], [None], [None], [None], [None], [None], [None], [None], [None], [None], [None], [None], [None], [None], [None], [None], [None], [None], [None], [None], [None], [None], [None], [None], [None], [None], [None], [None], [None], [None], [None], [None], [None], [None], [None], [None], [None], [None], [None], [None], [None], [None], [None], [None], [None], [None], [None], [None], [None], [None], [None], [None], [None], [None], [None], [None], [None], [None], [None], [None], [None], [None], [None], [None], [None], [None], [None], [None], [None], [None], [None], [None], [None], [None], [None], [None], [None]]"
0.9293425709810853,1e-3,53,53,False,1,0.5684210526315789,"[[None], [None], [None], [None], [None], [None], [None], [None], [None], [None], [None], [None], [None], [None], [None], [None], [None], [None], [None], [None], [None], [None], [None], [None], [None], [None], [None], [None], [None], [None], [None], [None], [None], [None], [None], [None], [None], [None], [None], [None], [None], [None], [None], [None], [None], [None], [None], [None], [None], [None], [None], [None], [None], [None], [None], [None], [None], [None], [None], [None], [None], [None], [None], [None], [None], [None], [None], [None], [None], [None], [None], [None], [None], [None], [None], [None], [None], [None], [None], [None], [None], [None], [None], [None], [None], [None], [None], [None], [None], [None], [None], [None], [None], [None], [None], [None], [None], [None], [None], [None]]"
0.9293425709810853,1e-3,53,53,False,1,0.5210526315789474,"[[None], [None], [None], [None], [None], [None], [None], [None], [None], [None], [None], [None], [None], [None], [None], [None], [None], [None], [None], [None], [None], [None], [None], [None], [None], [None], [None], [None], [None], [None], [None], [None], [None], [None], [None], [None], [None], [None], [None], [None], [None], [None], [None], [None], [None], [None], [None], [None], [None], [None], [None], [None], [None], [None], [None], [None], [None], [None], [None], [None], [None], [None], [None], [None], [None], [None], [None], [None], [None], [None], [None], [None], [None], [None], [None], [None], [None], [None], [None], [None], [None], [None], [None], [None], [None], [None], [None], [None], [None], [None], [None], [None], [None], [None], [None], [None], [None], [None], [None], [None]]"
0.9293425709810853,1e-3,52,53,False,1,0.6157894736842106,"[[None], [None], [None], [None], [None], [None], [None], [None], [None], [None], [None], [None], [None], [None], [None], [None], [None], [None], [None], [None], [None], [None], [None], [None], [None], [None], [None], [None], [None], [None], [None], [None], [None], [None], [None], [None], [None], [None], [None], [None], [None], [None], [None], [None], [None], [None], [None], [None], [None], [None], [None], [None], [None], [None], [None], [None], [None], [None], [None], [None], [None], [None], [None], [None], [None], [None], [None], [None], [None], [None], [None], [None], [None], [None], [None], [None], [None], [None], [None], [None], [None], [None], [None], [None], [None], [None], [None], [None], [None], [None], [None], [None], [None], [None], [None], [None], [None], [None], [None], [None]]"
0.9293425709810853,1e-3,41,53,False,1,0.8526315789473684,"[[None], [None], [None], [None], [None], [None], [None], [None], [None], [None], [None], [None], [None], [None], [None], [None], [None], [None], [None], [None], [None], [None], [None], [None], [None], [None], [None], [None], [None], [None], [None], [None], [None], [None], [None], [None], [None], [None], [None], [None], [None], [None], [None], [None], [None], [None], [None], [None], [None], [None], [None], [None], [None], [None], [None], [None], [None], [None], [None], [None], [None], [None], [None], [None], [None], [None], [None], [None], [None], [None], [None], [None], [None], [None], [None], [None], [None], [None], [None], [None], [None], [None], [None], [None], [None], [None], [None], [None], [None], [None], [None], [None], [None], [None], [None], [None], [None], [None], [None], [None]]"
0.9293425709810853,1e-3,45,53,False,1,0.8052631578947369,"[[None], [None], [None], [None], [None], [None], [None], [None], [None], [None], [None], [None], [None], [None], [None], [None], [None], [None], [None], [None], [None], [None], [None], [None], [None], [None], [None], [None], [None], [None], [None], [None], [None], [None], [None], [None], [None], [None], [None], [None], [None], [None], [None], [None], [None], [None], [None], [None], [None], [None], [None], [None], [None], [None], [None], [None], [None], [None], [None], [None], [None], [None], [None], [None], [None], [None], [None], [None], [None], [None], [None], [None], [None], [None], [None], [None], [None], [None], [None], [None], [None], [None], [None], [None], [None], [None], [None], [None], [None], [None], [None], [None], [None], [None], [None], [None], [None], [None], [None], [None]]"
0.9293425709810853,1e-3,48,53,False,1,0.7578947368421053,"[[None], [None], [None], [None], [None], [None], [None], [None], [None], [None], [None], [None], [None], [None], [None], [None], [None], [None], [None], [None], [None], [None], [None], [None], [None], [None], [None], [None], [None], [None], [None], [None], [None], [None], [None], [None], [None], [None], [None], [None], [None], [None], [None], [None], [None], [None], [None], [None], [None], [None], [None], [None], [None], [None], [None], [None], [None], [None], [None], [None], [None], [None], [None], [None], [None], [None], [None], [None], [None], [None], [None], [None], [None], [None], [None], [None], [None], [None], [None], [None], [None], [None], [None], [None], [None], [None], [None], [None], [None], [None], [None], [None], [None], [None], [None], [None], [None], [None], [None], [None]]"
0.9293425709810853,1e-3,50,53,False,1,0.7105263157894737,"[[None], [None], [None], [None], [None], [None], [None], [None], [None], [None], [None], [None], [None], [None], [None], [None], [None], [None], [None], [None], [None], [None], [None], [None], [None], [None], [None], [None], [None], [None], [None], [None], [None], [None], [None], [None], [None], [None], [None], [None], [None], [None], [None], [None], [None], [None], [None], [None], [None], [None], [None], [None], [None], [None], [None], [None], [None], [None], [None], [None], [None], [None], [None], [None], [None], [None], [None], [None], [None], [None], [None], [None], [None], [None], [None], [None], [None], [None], [None], [None], [None], [None], [None], [None], [None], [None], [None], [None], [None], [None], [None], [None], [None], [None], [None], [None], [None], [None], [None], [None]]"
0.9293425709810853,1e-3,39,53,False,1,0.9,"[[None], [None], [None], [None], [None], [None], [None], [None], [None], [None], [None], [None], [None], [None], [None], [None], [None], [None], [None], [None], [None], [None], [None], [None], [None], [None], [None], [None], [None], [None], [None], [None], [None], [None], [None], [None], [None], [None], [None], [None], [None], [None], [None], [None], [None], [None], [None], [None], [None], [None], [None], [None], [None], [None], [None], [None], [None], [None], [None], [None], [None], [None], [None], [None], [None], [None], [None], [None], [None], [None], [None], [None], [None], [None], [None], [None], [None], [None], [None], [None], [None], [None], [None], [None], [None], [None], [None], [None], [None], [None], [None], [None], [None], [None], [None], [None], [None], [None], [None], [None]]"
0.9293425709810853,1e-3,51,53,False,1,0.6631578947368422,"[[None], [None], [None], [None], [None], [None], [None], [None], [None], [None], [None], [None], [None], [None], [None], [None], [None], [None], [None], [None], [None], [None], [None], [None], [None], [None], [None], [None], [None], [None], [None], [None], [None], [None], [None], [None], [None], [None], [None], [None], [None], [None], [None], [None], [None], [None], [None], [None], [None], [None], [None], [None], [None], [None], [None], [None], [None], [None], [None], [None], [None], [None], [None], [None], [None], [None], [None], [None], [None], [None], [None], [None], [None], [None], [None], [None], [None], [None], [None], [None], [None], [None], [None], [None], [None], [None], [None], [None], [None], [None], [None], [None], [None], [None], [None], [None], [None], [None], [None], [None]]"
